ID,Name,Category,Description,Rating,Price,Downloads,Is Verified,Developer ID
0,Oriental Metal Chips,Sports,Aut voluptas molestiae saepe eveniet enim cum. Ipsam minima est distinctio maiores. Ab earum atque assumenda dolor nostrum laudantium ullam. Vitae perferendis vel harum optio assumenda non facilis maiores placeat.,1.8,33.87,27960,false,87
1,Gorgeous Granite Fish,Clothing,Molestias sunt fuga corrupti rerum molestias cupiditate. Recusandae fugit hic. Non amet nam et. Minima dignissimos tenetur itaque sint excepturi impedit voluptate veniam. Labore vel est optio.,0.3,15.91,46896,false,20
2,Small Metal Chair,Music,Ratione repudiandae quae. Nostrum accusantium odio. Qui quas velit dolorem culpa doloribus iste porro modi aliquid. Soluta facilis culpa necessitatibus. Sint ab excepturi.,0.5,5.39,9762,true,78
3,Elegant Plastic Chips,Beauty,Explicabo ad laudantium. Aliquid tempora accusantium facere unde nobis. Blanditiis repudiandae voluptatum.,3,78.05,54324,false,38
4,Unbranded Fresh Towels,Jewelery,Magnam optio ipsa. Distinctio odio ea porro quidem dolores at aliquam rem id. Architecto id quia unde quis in doloribus aperiam excepturi harum. Debitis maiores quae facere. Suscipit blanditiis saepe corrupti eligendi modi sequi quas molestiae maxime.,4.6,49.8,83226,false,24
5,Incredible Rubber Soap,Books,Alias ratione ipsam aperiam molestiae. Molestias quia nesciunt aut rerum. Libero fugiat nam eveniet soluta dolorem veritatis laudantium quaerat. Totam cum aspernatur eligendi ratione a blanditiis similique iusto repellat. Autem quasi dicta ipsa. Quia vitae animi commodi.,4.4,19.37,58518,false,40
6,Refined Soft Shoes,Computers,Enim cumque inventore voluptates blanditiis error quam laudantium. At id quae. Sequi nulla nam eius repellendus nobis eligendi. Omnis nobis corporis.,0.1,51.06,54676,false,91
7,Small Wooden Bacon,Sports,Sequi deserunt quos. In quod quos odio quasi nulla. Magnam facere sed aliquam inventore nesciunt distinctio aliquid. Minima quo modi quia qui dolorem labore autem quibusdam. In quae eos ducimus corporis. Cumque dolorem autem distinctio dignissimos quisquam qui iure quidem.,2.7,9.28,62837,false,35
8,Fantastic Wooden Tuna,Music,Laudantium itaque hic sint numquam facilis. Dolorem neque repudiandae nihil error. Quaerat reprehenderit illum voluptatum magnam laborum aspernatur. Non tempora officia sed omnis maiores quae assumenda commodi.,0.4,46.09,26148,false,93
9,Oriental Plastic Gloves,Books,Qui quos eveniet vero quasi. Architecto eligendi consequatur numquam blanditiis. Consequatur vero numquam pariatur accusamus nam rerum fuga a.,3.4,70.22,32919,false,78
10,Awesome Rubber Chair,Movies,Alias neque porro recusandae autem officiis amet repellendus quae. Mollitia illo accusantium aperiam error. Itaque numquam accusamus. Laboriosam iusto officia magnam neque quod ullam deserunt aut qui.,4.8,10.56,18081,true,97
11,Unbranded Granite Fish,Sports,Eos beatae harum necessitatibus pariatur neque enim doloremque doloribus. Suscipit eveniet commodi accusamus. A officiis laudantium tenetur ullam. Voluptate consectetur temporibus iste sit exercitationem nam nam.,4,33.75,32888,false,29
12,Modern Bronze Shirt,Computers,Eaque facilis nemo quo. Corporis odio voluptates. Tempora perspiciatis suscipit molestias harum soluta. Debitis qui fuga esse ipsa. Nemo itaque suscipit modi illum beatae maxime. Reiciendis libero facere ducimus enim voluptatum est fugiat.,3.9,89.27,12187,false,71
13,Sleek Fresh Gloves,Baby,Rerum eum fugiat. Modi delectus facilis vero amet harum hic. Minus quam sint excepturi. Tempora sapiente ducimus. Maiores distinctio odio facere eligendi deleniti delectus eum dolor eius. Natus veniam ut cumque deleniti velit corrupti amet.,4.4,41.36,57730,false,53
14,Bespoke Bronze Gloves,Kids,Nesciunt cupiditate expedita sunt at iure. Voluptas quas hic harum facilis amet praesentium suscipit cumque. Distinctio tempore natus provident.,0.2,45.37,37606,true,89
15,Tasty Steel Shoes,Clothing,Nesciunt maiores animi quo. Molestias voluptate error. Numquam at consectetur eligendi facere consequuntur cum at.,0.8,59.51,75133,false,18
16,Practical Concrete Tuna,Games,Nemo fugit doloremque hic sunt itaque ab. Optio ad fugiat eius nobis laborum. Cumque eveniet impedit. Suscipit ut enim accusantium architecto cupiditate quaerat. Quasi quibusdam tempore vitae omnis.,1.3,50.87,3098,true,7
17,Incredible Steel Ball,Jewelery,Ducimus explicabo maiores rerum optio. Illo aut beatae exercitationem enim sed dolorem aspernatur. Amet neque impedit vitae aut quia. Eaque aperiam eum quos culpa velit architecto.,3.2,85.07,3494,true,80
18,Licensed Rubber Sausages,Toys,Ad laudantium alias et ipsam consequatur reiciendis veniam eius. Tempora nemo exercitationem natus. Ex illo illo aliquid totam tempore iste dolorem.,0.5,54.26,13028,true,12
19,Modern Wooden Car,Kids,Reprehenderit placeat corporis tempora. Laboriosam maxime atque assumenda eveniet placeat aliquid minima temporibus iure. Aut rem ex. Eaque non dignissimos laudantium. Corrupti quibusdam suscipit fuga eaque.,1.3,18.44,68113,false,67
20,Ergonomic Wooden Bike,Toys,Harum soluta ex cum expedita. Doloremque soluta nisi at excepturi soluta sunt quod dicta excepturi. Nisi numquam aliquid accusantium. Nostrum velit illum amet sed perferendis sapiente quas nemo.,0.5,99.98,8031,true,90
21,Fantastic Frozen Car,Garden,Blanditiis ipsa eveniet veniam consectetur fuga. Neque ducimus nostrum beatae odit beatae tempora. Esse nobis temporibus. Nostrum modi illum assumenda soluta dicta fugit perspiciatis voluptatem.,2.2,7.7,24855,false,71
22,Generic Metal Cheese,Kids,Neque aut nesciunt dolor quibusdam maiores quas ipsum eos. Ullam ea neque velit cum distinctio mollitia similique magnam dolorum. Voluptatum cumque voluptas mollitia pariatur.,1.4,62.5,62726,true,64
23,Small Rubber Soap,Games,Vel reiciendis aliquam aperiam repellendus ullam perspiciatis illum. Aut deleniti adipisci aut quos eius libero. Harum excepturi voluptatem illum hic repudiandae velit beatae. Quasi deleniti alias eveniet. Architecto laudantium repellendus aliquam exercitationem ipsum deserunt debitis voluptate. Quis nulla quas voluptates alias nesciunt.,4,86.48,91761,false,96
24,Gorgeous Rubber Car,Garden,Perferendis rem id exercitationem necessitatibus fuga minus ipsam sequi. Delectus magni eligendi illum distinctio sequi. Voluptatibus molestias cupiditate odit dolorum minima itaque ea provident aut. Delectus optio non illum debitis omnis aperiam dignissimos nobis odio. Reiciendis facere dolores velit sapiente quidem cum a.,3.3,32.76,648,true,28
25,Incredible Bronze Cheese,Outdoors,Soluta culpa voluptas mollitia dolores. Provident adipisci omnis excepturi quidem a possimus. Expedita eligendi nemo doloribus voluptatem dolorem voluptatum velit iusto sapiente. Aut assumenda repudiandae fuga nemo suscipit quidem incidunt quod doloremque.,4.3,88.76,95483,false,8
26,Recycled Plastic Keyboard,Kids,Quaerat accusamus iusto nesciunt consequatur veniam dicta. Tenetur dolorum hic voluptatem est pariatur quisquam. Facilis autem maxime deleniti. Necessitatibus aliquam omnis enim molestiae dolore beatae et rem. Molestiae praesentium velit sint ad alias ex.,1.5,27.99,29353,true,99
27,Oriental Bronze Computer,Beauty,Veritatis dolores iure commodi eveniet rem. Deleniti nesciunt culpa. Quos voluptatibus temporibus placeat asperiores soluta at. Nemo sed sapiente accusantium totam iure itaque nobis ullam ea. Modi modi eos ad omnis dolorum odit provident. Quia hic nisi voluptate.,4.9,82.73,10191,false,68
28,Bespoke Bronze Salad,Kids,Exercitationem perspiciatis voluptates expedita fuga ad pariatur impedit. Accusantium cum placeat hic eos magnam dolores. Itaque nihil totam veritatis pariatur tenetur sint ab porro.,3.8,23.61,71180,false,65
29,Fantastic Fresh Sausages,Grocery,Voluptatem reiciendis quaerat aspernatur adipisci repudiandae eveniet dolore officiis. Sunt tempore fuga laborum tempora rerum molestiae repellat voluptatem quo. Hic temporibus qui nobis vitae velit perspiciatis perferendis. Sint aliquam voluptatibus id ipsam nisi similique.,4.9,73.26,83965,true,26
30,Incredible Metal Tuna,Automotive,Adipisci hic adipisci distinctio dolor atque cupiditate maxime ipsam. Neque nulla veritatis illum corporis molestiae fugit. Dolore itaque quis ullam iure architecto dolores ipsa. Vero possimus dolores doloremque repellendus soluta accusamus.,0.3,88.32,2469,true,87
31,Recycled Concrete Cheese,Games,Expedita maxime dolor nostrum sed quos perspiciatis commodi. Suscipit modi in inventore facilis. Recusandae nulla amet harum. Sapiente ducimus dolor eaque facere sit.,1.7,55.07,67656,true,43
32,Ergonomic Wooden Keyboard,Grocery,Quasi doloremque voluptate mollitia magni. Veritatis vitae suscipit perferendis praesentium. Est iure praesentium neque sit beatae voluptate nostrum. Culpa eius quidem consequatur ipsa rem itaque molestiae qui quibusdam. Harum quo laudantium quidem.,0.7,34.53,78759,true,31
33,Sleek Fresh Cheese,Sports,Rem excepturi velit aperiam sint architecto corporis a soluta libero. Fuga veritatis possimus alias amet iure omnis omnis corporis. Temporibus cupiditate facilis cumque cupiditate quia nam libero aut officia. Suscipit voluptas impedit illum veritatis tenetur est quo magni veniam. Adipisci ut officia quidem neque architecto. Nisi omnis similique.,3.9,11.46,48906,false,92
34,Ergonomic Steel Shirt,Outdoors,Ab veniam commodi magni est praesentium. Molestias id commodi ex. Earum perferendis dolore rerum laudantium maiores.,1.3,94.06,3031,false,97
35,Practical Soft Cheese,Garden,Labore velit ipsa aperiam aut beatae velit ipsa. Sequi maxime perferendis doloremque praesentium. Odio placeat quo iure alias similique natus cum occaecati dignissimos. Debitis provident voluptates maiores nisi pariatur culpa tempora. Nulla atque iure reiciendis omnis nobis.,3.4,22.75,40964,false,7
36,Awesome Frozen Car,Kids,Quas enim sit facere deserunt. Corrupti placeat mollitia delectus necessitatibus. Sed autem deserunt. Autem adipisci at vel ipsa.,4.3,86.04,61126,true,96
37,Elegant Plastic Car,Outdoors,Culpa maiores quibusdam optio totam quibusdam animi voluptatum numquam. Ex earum quibusdam temporibus accusamus ab minus ipsum eum veritatis. Ab deleniti distinctio alias aspernatur voluptates tenetur. Nostrum ducimus incidunt nam velit quaerat omnis. Eligendi pariatur ullam ea sit porro minus laboriosam.,1,73.88,99909,false,21
38,Awesome Bronze Shoes,Shoes,Alias veritatis assumenda perspiciatis. Quidem vero eius dolor inventore earum numquam. Dolore corrupti nesciunt. Quas quisquam ex alias laudantium reiciendis accusamus veniam eaque. Vel tenetur ipsum odit quae voluptatibus a voluptatem animi. Culpa provident praesentium nesciunt nisi quibusdam consequatur.,1.1,49.21,75871,true,36
39,Intelligent Soft Salad,Jewelery,Incidunt voluptate modi distinctio assumenda incidunt nesciunt dolores excepturi voluptate. Exercitationem ipsa omnis illum veniam numquam est eligendi deserunt deserunt. Reiciendis cum deleniti unde accusamus.,2.6,53.96,48824,true,12
40,Elegant Soft Cheese,Music,Iste atque nulla occaecati reprehenderit quam ducimus. Minus quas incidunt reprehenderit. Commodi aliquid adipisci repellendus aperiam consequatur quasi. Quod ut accusantium deserunt vitae ipsam modi distinctio debitis.,2.2,65.5,17571,false,54
41,Sleek Granite Bacon,Electronics,Asperiores beatae aliquid quae magnam magni. Sint libero necessitatibus aperiam voluptate dolorem nostrum voluptas delectus. Fugiat soluta nulla dolor consequatur debitis accusantium dolor fugiat maiores. Dolore mollitia cum quibusdam eos quod animi saepe assumenda porro.,2.8,65.58,43629,false,50
42,Practical Wooden Car,Home,Culpa nemo minima vero excepturi reiciendis saepe. Tenetur accusamus aspernatur perferendis voluptatibus dolore nobis neque ipsam. Error hic possimus vero eos quis. Hic vitae aliquid autem mollitia.,0.9,99.71,93404,true,56
43,Gorgeous Cotton Shoes,Music,Necessitatibus magni in harum quam eum expedita. Nam quibusdam error. Deserunt quos voluptatum placeat nostrum totam aspernatur repellendus nulla sunt. Minus labore omnis reiciendis. Ipsum ad distinctio enim reprehenderit magnam animi.,2.5,48.23,35816,true,70
44,Handcrafted Rubber Chips,Shoes,Sit repudiandae laborum labore aliquid voluptatum atque consequatur ea. Tempore nisi maiores id. Porro neque nam fugiat asperiores adipisci repellat molestias autem fugiat. Non placeat dignissimos neque aut officiis expedita. Atque nulla magnam voluptates unde voluptate nihil quidem. Labore dicta asperiores reprehenderit odio excepturi earum sunt mollitia.,3,29.6,8821,false,41
45,Small Fresh Tuna,Sports,Nulla voluptatum deleniti laboriosam nemo pariatur asperiores debitis adipisci nobis. Beatae magni voluptate aperiam eveniet. Minima qui pariatur eius iusto provident consectetur ducimus tempore nesciunt. Quia tenetur voluptates odit doloribus.,3.5,13.59,18680,true,43
46,Small Granite Shoes,Shoes,Tempora quidem placeat laboriosam exercitationem magni ea dolore ad. Quasi odit magni facere error quas doloribus accusamus consequatur. Officia eius impedit deleniti recusandae dignissimos expedita id delectus.,2.7,41.02,95180,false,32
47,Rustic Cotton Salad,Toys,Delectus atque soluta esse vel officia deleniti amet. Nesciunt eum vel qui mollitia veritatis fugit. Perspiciatis sapiente nam odit voluptas. Tempore sed ab asperiores quam quo. Fugiat facere maxime labore repellat incidunt voluptatem qui.,0.5,31.82,68339,true,77
48,Awesome Frozen Bike,Outdoors,Non soluta quo. Explicabo quas odio itaque reprehenderit quis maiores sunt. Reprehenderit delectus amet perferendis dolor fugiat officia tenetur voluptas. Ducimus asperiores soluta repellat libero ut ipsa. Ratione necessitatibus sint eveniet. Quam minus magnam aut similique exercitationem.,4.6,44.52,50150,false,23
49,Tasty Bronze Car,Books,Esse itaque soluta libero. Vel itaque officia reprehenderit dolores cupiditate vitae. Pariatur delectus debitis harum eos quas illum ut qui. Nostrum possimus similique iusto quam eius.,1.4,79.02,66738,true,79
50,Small Concrete Sausages,Tools,Rerum alias magnam illum aliquid excepturi ad. Illum earum libero occaecati blanditiis numquam dolor laborum. Voluptas eligendi ut labore molestiae dignissimos sed maxime perferendis quisquam. Laboriosam quo neque deleniti voluptate vitae odit a. Veniam pariatur expedita suscipit amet soluta aspernatur cum at placeat.,3.7,0.58,72063,false,98
51,Practical Wooden Soap,Garden,Voluptatem illum non laborum eius quas nihil deserunt nostrum similique. Vero est enim perferendis porro dolorum. Sed quas inventore rerum voluptatum ipsum eligendi officiis alias facilis.,1.4,46.37,17003,false,38
52,Licensed Concrete Fish,Grocery,Culpa laboriosam ut ullam. Saepe eum assumenda voluptates. Vitae cupiditate perspiciatis repellat quia accusantium.,3.7,70.08,69811,false,20
53,Sleek Frozen Chips,Jewelery,Dicta voluptatem unde tenetur cum officiis velit ad. Vel magni temporibus officiis. Itaque quo vitae. Quasi consequuntur voluptatibus.,4.3,15.9,17142,false,13
54,Tasty Frozen Towels,Home,Porro fuga sunt recusandae. Pariatur similique nesciunt. Vel saepe quia possimus quisquam dicta. Perspiciatis distinctio optio at sed.,1,24.14,85443,false,76
55,Licensed Cotton Keyboard,Clothing,Blanditiis neque quisquam nostrum ipsam provident porro distinctio rem. Deserunt voluptate accusantium quasi maiores ad nisi quia. Modi laboriosam necessitatibus reiciendis cupiditate veritatis officiis ea. Possimus tempora aperiam voluptas praesentium itaque. Vero temporibus magni magnam ut omnis assumenda. Harum amet placeat neque maiores perferendis sed.,3.2,60.39,84557,false,14
56,Handcrafted Concrete Car,Grocery,Ut totam accusantium ad voluptatibus. Ducimus beatae ipsum ratione id quaerat. Mollitia voluptas amet suscipit repellendus dolorem consequatur.,4.4,77.65,68117,true,0
57,Refined Concrete Chair,Home,Soluta ab voluptates quos esse fugit. Odit debitis ducimus quae similique error nisi fugit laboriosam quas. Deserunt reiciendis quod velit facere omnis ex assumenda laborum.,5,98.91,10624,true,77
58,Bespoke Cotton Table,Beauty,Porro necessitatibus voluptate deserunt quae aliquid numquam provident sapiente corrupti. Dicta quidem eius ex hic aperiam adipisci nulla labore repudiandae. Laboriosam praesentium deserunt ea libero.,4.7,82.45,73242,false,35
59,Modern Cotton Tuna,Kids,Deserunt adipisci eaque ratione quia quisquam dolor quasi. Quam ipsam sed reprehenderit possimus porro dolorum reprehenderit ipsa cupiditate. Explicabo illum velit inventore.,4.4,93.77,68085,false,44
60,Handmade Soft Chicken,Music,Culpa nisi asperiores doloremque sunt ipsa necessitatibus modi aut quam. Officiis hic mollitia ad est nostrum. Repellat suscipit assumenda ex magni.,0.2,20.94,52548,true,45
61,Modern Soft Tuna,Jewelery,Reprehenderit aliquam corporis debitis similique dicta eveniet laboriosam. Asperiores ad deleniti odio dolore quidem accusantium recusandae ratione unde. A eum voluptate et.,2.6,40.58,84371,true,18
62,Elegant Fresh Soap,Automotive,Dolor officiis alias dolor. Perspiciatis nobis consequatur. Velit ex velit dolorum culpa. Ratione velit dolorum iure. Officia repudiandae nulla. Corporis totam nostrum.,2.9,64.03,71514,true,86
63,Incredible Concrete Cheese,Music,Libero aut ipsa autem suscipit consectetur quis velit. Beatae voluptate consequuntur facilis nulla modi. Voluptate expedita deserunt nisi delectus ab. Est quasi neque quos aliquid quisquam. Sed commodi ex. Nihil sequi earum.,0.1,87.53,11394,true,94
64,Bespoke Wooden Gloves,Books,Ut omnis illum in sit maiores rerum. Ipsum dicta quisquam mollitia. Qui quos hic iure.,4.3,91.37,13976,false,62
65,Rustic Frozen Shirt,Kids,Porro et ab fuga aut dolor ut. Possimus atque suscipit harum dicta quam unde. Ipsum fugiat similique accusamus accusantium culpa culpa doloremque. Quam tenetur accusamus nisi.,1.7,70.66,7794,false,5
66,Ergonomic Rubber Salad,Automotive,Inventore saepe nulla harum quam. Explicabo iusto vero quidem. Ex explicabo dolores consequatur minima quae ab. Deserunt vitae voluptatem adipisci quidem vero odio. Delectus molestias repellat.,1.8,62.89,4323,true,48
67,Refined Metal Keyboard,Electronics,Non expedita magni blanditiis. Ipsum hic aspernatur quia blanditiis accusamus numquam iste dolorum. Doloremque ipsam corporis ullam modi. Libero voluptate esse voluptatem corrupti cupiditate nihil provident magnam.,4.8,46.85,98395,false,1
68,Ergonomic Cotton Towels,Movies,Possimus officiis quibusdam et excepturi sequi animi. Debitis ullam unde nostrum. Cupiditate eaque inventore eos fugiat labore. Corrupti quidem iste quam numquam ducimus exercitationem. Consequuntur molestiae ex saepe excepturi aliquam. Enim veritatis sequi necessitatibus dolorem error officia mollitia.,1.4,41.05,52758,true,97
69,Oriental Plastic Soap,Automotive,Reiciendis dicta inventore. Ut ullam quisquam rerum nihil officia vel. Maxime eos deserunt dolores. Facilis quis eaque tenetur debitis sint ipsum.,0.1,10.37,12840,true,28
70,Modern Plastic Pants,Shoes,In voluptatum incidunt laudantium quo fugiat. Magnam ipsam ut molestias aperiam dolore. Repudiandae distinctio et ducimus reiciendis totam. Labore debitis vitae temporibus. Tempore placeat libero unde.,0.2,38.83,98966,false,80
71,Oriental Frozen Sausages,Movies,Eum excepturi cum quaerat. Iure non ea. Impedit officia recusandae porro repellat et dolores.,0.1,2.68,954,true,79
72,Awesome Steel Salad,Books,Sunt aliquid cum. Totam architecto veniam nobis modi quibusdam distinctio placeat qui. Aut quibusdam ipsa et vitae cupiditate repudiandae soluta. Laborum ut quis vel totam quasi aperiam placeat eaque magni.,2.6,59.72,84226,true,43
73,Practical Concrete Keyboard,Electronics,Inventore molestias vero quos eum odio vitae. Provident amet aperiam non quo facilis repudiandae nostrum a deleniti. Enim voluptatum eum temporibus laborum sint minus aperiam illum.,1.2,66.61,52477,false,59
74,Intelligent Bronze Computer,Industrial,Molestiae reprehenderit laboriosam corporis. Saepe inventore error. Aut adipisci voluptatem maiores. Porro tempore nesciunt delectus. Quo aliquid culpa placeat quo asperiores vel ex. Asperiores culpa inventore consequuntur distinctio suscipit dolorem.,3.7,5.61,78122,false,5
75,Elegant Steel Bike,Beauty,Cum rem nihil perspiciatis. Corporis corporis alias similique asperiores voluptatibus corporis. Sed molestiae sit excepturi a asperiores quisquam officia.,0.1,41.86,84157,true,53
76,Handmade Bronze Car,Clothing,Eos accusantium excepturi. Ratione deleniti aspernatur. Nostrum officiis at non commodi itaque nobis necessitatibus dolorum. Facilis ex occaecati inventore rem dolorum. Distinctio omnis nobis quibusdam reprehenderit exercitationem. Libero laboriosam maiores.,3.9,82.37,12167,true,31
77,Bespoke Steel Sausages,Industrial,Eum earum incidunt distinctio voluptas ad. Doloremque neque dicta similique ratione quaerat ab. Eum possimus enim corrupti optio recusandae ex. Vero provident non atque laborum perspiciatis cumque. Voluptate quam quae repudiandae rem tempore asperiores. Beatae optio culpa maxime deleniti corrupti ea.,0.4,68.4,34603,false,97
78,Tasty Bronze Mouse,Baby,Dolorum dolor neque sunt temporibus assumenda ullam sapiente. Dolorem quos placeat. Dolore placeat culpa veniam incidunt doloremque ex.,0.7,23.06,52439,false,96
79,Tasty Frozen Ball,Tools,Laudantium totam possimus. Aut doloribus consequatur perspiciatis placeat ad aut reprehenderit cumque. Ut adipisci hic maxime quod. Natus fugiat molestias doloremque tenetur perferendis.,3.5,88.21,19688,false,53
80,Practical Plastic Shirt,Shoes,Ea recusandae deserunt explicabo cum magni similique. Nostrum earum delectus doloremque. Magnam ipsum debitis doloremque tenetur dolorum optio debitis iste explicabo.,3,69.37,26012,false,72
81,Fantastic Soft Chips,Home,Consequatur dolorum sunt animi dignissimos sequi ipsam rerum soluta. Nesciunt suscipit odio dolorum totam quia distinctio. Maiores perspiciatis assumenda quaerat iusto eos hic voluptas laudantium repellendus. Hic delectus atque aspernatur veniam asperiores ipsum perferendis recusandae nostrum.,1.9,15.22,57402,true,9
82,Gorgeous Plastic Cheese,Clothing,Deserunt voluptas ea ipsam vitae dolore quibusdam ut quas. In reiciendis id ut cupiditate magnam nulla velit sequi. Illum expedita ab voluptate. Aliquid adipisci fugiat quibusdam quidem voluptatibus sequi. Quae dolorem adipisci ut sint dolor ducimus et. Fugit dicta nisi facilis.,0.3,62.87,86239,false,98
83,Practical Frozen Pants,Home,Ut at asperiores cumque sapiente. Magnam quas eligendi. Tempore nostrum vero architecto id fugiat aut.,0.6,67.5,15042,false,51
84,Small Frozen Shirt,Beauty,Facere libero enim beatae praesentium. Accusamus aspernatur saepe. Optio veniam eaque quae adipisci ut ipsum reiciendis. Commodi minus unde corporis itaque quod. Cum illo est id. Et sit fugiat illo mollitia at quasi.,2.3,13.51,15351,true,2
85,Rustic Soft Salad,Electronics,Ea impedit architecto cumque non architecto odio. Laudantium corrupti consequatur error mollitia. Saepe dolorum quis ab. Minima quam neque excepturi animi dicta aliquam eaque eaque est. Esse ad fugit natus veritatis atque praesentium praesentium.,1.5,66.47,54889,false,81
86,Sleek Wooden Ball,Home,Quisquam alias beatae dolor sunt et laboriosam soluta. Magni incidunt rem. Recusandae laborum dolor. Expedita voluptas sit. Omnis consequuntur labore. Consectetur eaque mollitia aliquid facilis consequuntur neque.,4.4,44.37,72909,false,12
87,Electronic Metal Computer,Industrial,Esse suscipit harum consequatur. Sunt aliquid est voluptas libero facilis labore. Quam tenetur nobis rem excepturi optio fuga debitis. Alias asperiores modi iusto. Maxime possimus reprehenderit perferendis illum enim laborum perspiciatis.,3.4,46.33,80045,false,20
88,Ergonomic Granite Chips,Automotive,Tenetur id iste aperiam repellat voluptas voluptas nostrum error explicabo. Ducimus sit rem tempora vel sed voluptatum impedit deleniti. Libero perferendis repudiandae quae cupiditate atque. Eveniet eligendi harum eius. Aliquam natus quam occaecati molestiae minus fugit.,3.6,4.88,52701,true,77
89,Oriental Bronze Ball,Tools,Saepe atque nulla praesentium laborum sapiente aspernatur quae laudantium. Illum voluptates consequatur vitae totam occaecati. Similique eos qui hic suscipit ipsum adipisci. Ut facere exercitationem dignissimos molestias nihil pariatur animi mollitia nulla. Officia consectetur quam repellendus expedita. Unde fugiat repellendus mollitia reprehenderit cumque totam.,2.7,56.71,88028,true,31
90,Bespoke Soft Car,Shoes,Alias dolore neque. Reiciendis facilis voluptates. Dolor soluta exercitationem laborum inventore occaecati repellat quod voluptates aut. Illum numquam repellat delectus.,3.7,67.81,80438,false,6
91,Luxurious Plastic Soap,Grocery,Quasi quae ullam quisquam mollitia nesciunt dolores modi voluptatem. Harum repellat illo illo atque natus consequatur facere numquam tenetur. Laboriosam magnam eaque magnam harum possimus minima asperiores accusantium.,1.1,82.14,85911,false,91
92,Licensed Fresh Shirt,Clothing,Ex consectetur fuga. Mollitia architecto occaecati magni. Libero omnis esse ipsum iusto blanditiis consequuntur. Dicta deserunt dolore in fugit illum quidem quaerat rem magnam.,3.9,15.8,69239,true,80
93,Elegant Steel Bacon,Garden,Dolor omnis saepe quae quibusdam. Facilis temporibus at iure sit quam sequi. Nihil nihil repellat voluptate placeat officiis. Tenetur delectus commodi ducimus temporibus. Porro a eveniet natus eos.,2.7,55.46,80284,true,20
94,Gorgeous Wooden Table,Outdoors,Odit ipsa sapiente rem. Magni hic minima magnam. Et fugit reiciendis. Minima asperiores amet minus cumque enim illo alias id hic. Excepturi modi harum officiis ex ullam.,3.9,90.73,75094,true,80
95,Tasty Wooden Towels,Outdoors,Sequi perspiciatis rem vitae laborum explicabo ut provident veniam ex. Doloribus occaecati eum expedita numquam. Laudantium reprehenderit vitae unde debitis assumenda eaque ex quisquam officiis. Temporibus architecto quis voluptas expedita. Repellat eligendi illo tempora.,3.3,45.69,59306,false,63
96,Sleek Plastic Chicken,Kids,Voluptatum ea quisquam aspernatur fugiat dignissimos. Praesentium totam modi voluptatibus itaque voluptate doloremque quod voluptatem rerum. Ducimus voluptatem quae quis eligendi numquam aperiam labore. Ea qui commodi provident assumenda in et inventore. Distinctio odio quisquam. Officia nihil nam sapiente quas.,0.4,70.71,17423,true,2
97,Licensed Frozen Shirt,Baby,Eveniet cumque dolor a inventore reprehenderit. Atque ex temporibus nisi dignissimos commodi libero facere. Tempora amet harum laborum tempora unde quos culpa. Amet esse exercitationem nesciunt ut.,2.5,6.61,94953,true,31
98,Unbranded Wooden Tuna,Games,Magni tempora id excepturi similique eligendi. Temporibus possimus eius saepe consectetur. Molestias sit qui fugiat laborum. Facere quaerat quod beatae. Harum accusamus eligendi quae quia nam. Fugiat voluptatem recusandae.,0.2,98.08,39335,true,98
99,Sleek Granite Sausages,Automotive,Nobis vero corporis assumenda harum itaque omnis. At temporibus quisquam. Tenetur quam quos. Fugit rem temporibus dicta. Et quia id libero commodi.,3.3,23.69,62641,false,30
