Review ID,App Id,User Id,Rating,Text
0,54,128,3,Veniam quaerat quae tempore rem dolorum nobis.
1,91,243,2,Blanditiis ducimus occaecati excepturi explicabo at.
2,30,121,5,Beatae perferendis veniam corporis delectus molestiae architecto id ut vel.
3,9,201,3,Debitis ullam ipsum eveniet inventore culpa cum rem aliquam.
4,8,41,1,Hic quod nisi nemo sequi.
5,9,286,2,Ex cum praesentium saepe.
6,33,183,1,Temporibus minima neque soluta eveniet vero delectus quam saepe fugit.
7,57,218,4,Iure saepe assumenda.
8,1,52,1,Sunt commodi dicta.
9,14,215,5,Facere itaque odit facilis repellat quidem.
10,22,269,1,Asperiores officiis facilis soluta officiis quod modi occaecati quibusdam.
11,12,7,5,Aliquid perferendis rerum qui.
12,69,75,2,Tempora perferendis repellendus.
13,61,231,3,Laborum eos iure blanditiis sunt est laborum.
14,95,199,5,Ipsa alias cumque vero suscipit quis mollitia ipsam.
15,50,48,3,Illo expedita eligendi laudantium voluptatibus.
16,91,118,2,Voluptate sunt reprehenderit quod.
17,43,85,4,Recusandae iure esse odit perferendis minus a.
18,44,134,5,Et corporis eveniet delectus laborum autem quidem facere.
19,5,71,3,Corrupti dolorem perspiciatis dolor architecto unde aliquam.
20,11,282,4,Porro architecto dolore culpa eaque ipsa.
21,78,170,4,Ea cumque iure ratione temporibus occaecati.
22,96,133,5,Atque quam recusandae fuga modi.
23,15,134,5,Mollitia facilis quia accusantium quam cupiditate natus recusandae.
24,99,9,3,Nam hic rerum suscipit dolor consequuntur labore corrupti modi soluta.
25,8,22,2,Cupiditate illum dolores aut nobis perspiciatis id quas nam.
26,100,125,2,Fuga eos vero quas eum voluptatem.
27,89,99,1,Deserunt atque sed doloremque aspernatur inventore maiores labore.
28,55,148,1,Tempore veniam optio voluptatum sapiente exercitationem quaerat distinctio illum recusandae.
29,19,277,5,Doloremque sunt animi temporibus beatae beatae accusamus.
30,19,182,4,Maxime fugiat maiores recusandae doloremque incidunt iure repellendus facilis.
31,6,284,5,Quas impedit sunt nobis cupiditate similique.
32,52,1,1,Dolores vero voluptatibus.
33,19,119,3,Impedit perferendis pariatur occaecati mollitia voluptatibus aliquam quam.
34,87,209,2,Repellat illo ipsum.
35,19,274,3,Sint provident adipisci laboriosam tempore eos quas dignissimos voluptatem expedita.
36,35,107,1,Velit porro quod voluptate eveniet eligendi ducimus a vel unde.
37,73,194,4,Impedit velit sed.
38,4,58,1,Quae odit earum ipsum porro repudiandae.
39,28,32,3,Repellat dolorem sed beatae est.
40,25,177,1,Maxime culpa ipsum.
41,8,291,2,Commodi hic similique.
42,26,238,3,Eveniet saepe eveniet aspernatur vitae.
43,94,286,1,Est explicabo temporibus temporibus alias.
44,87,131,1,Accusantium at nesciunt aspernatur excepturi voluptas eveniet.
45,19,217,1,Quos expedita similique exercitationem inventore necessitatibus tenetur.
46,29,37,5,Accusamus totam ut atque possimus alias cumque at consequuntur doloremque.
47,95,97,4,A deserunt quidem a reiciendis quis modi.
48,99,256,2,Deserunt illo alias sit ipsum officiis tempora natus.
49,2,174,3,Quis consectetur molestias.
50,96,22,2,Tenetur eos asperiores libero odio saepe voluptatum non.
51,4,174,1,Perspiciatis inventore laboriosam totam nam.
52,97,167,5,Laborum iste amet impedit illum natus molestiae.
53,49,222,3,Earum sequi atque laboriosam nisi voluptatem occaecati sapiente nisi.
54,83,171,4,Autem voluptatum possimus saepe laboriosam velit ipsa necessitatibus.
55,20,263,1,Laudantium consequatur voluptatum ab molestias ea.
56,58,221,3,Earum iure nulla dolorem vel ratione pariatur.
57,36,14,5,Voluptates facilis possimus error aut minima beatae.
58,95,140,1,Soluta maxime asperiores perspiciatis repudiandae provident perspiciatis.
59,99,20,2,At neque architecto fugit quos ut quibusdam.
60,9,210,4,Deserunt inventore voluptatibus ducimus minima at quod laboriosam.
61,70,37,2,Quia impedit quia nulla.
62,42,130,2,Repellendus illo iste porro consectetur.
63,60,107,1,Magnam dolores id.
64,75,160,3,Quis suscipit numquam beatae ea placeat perspiciatis.
65,69,97,3,Facilis animi ad libero provident doloribus sed.
66,91,121,5,Reiciendis eum non saepe.
67,48,184,4,Aliquid tempore dolores consectetur recusandae debitis praesentium.
68,66,137,5,Dolores alias culpa libero nostrum sequi.
69,62,254,5,Distinctio earum unde perferendis quam error dicta mollitia.
70,89,75,1,Consectetur omnis voluptas incidunt id nobis ipsam quod porro expedita.
71,61,299,2,Repellat nam velit doloribus reiciendis.
72,73,253,5,Enim animi repellendus modi numquam mollitia velit blanditiis aspernatur veritatis.
73,16,87,1,Ipsum doloribus quis dicta ex enim similique.
74,61,126,5,Doloremque quo quia.
75,96,168,4,Sint delectus eos ex aliquam doloribus sequi molestias.
76,71,250,2,Dolorum quas at aperiam ullam consequuntur.
77,23,282,4,Adipisci cumque eaque excepturi aperiam distinctio.
78,52,1,1,Dolores minus minus accusamus ex nemo eligendi quas.
79,29,117,4,Similique quaerat ullam laborum minus ratione.
80,49,65,1,Enim rem voluptates velit.
81,95,219,3,Ipsa eveniet at quis qui eligendi fugiat.
82,33,72,1,Sint officiis vel necessitatibus est.
83,16,119,4,Repellat et quis doloribus expedita perferendis aspernatur.
84,35,169,3,Voluptas sunt sit exercitationem dicta quod fugit debitis.
85,46,10,5,Recusandae reprehenderit velit tenetur adipisci accusamus quisquam excepturi inventore eius.
86,32,67,1,Voluptas deleniti iusto libero magni.
87,46,234,2,Fugit praesentium similique rerum tempora voluptatibus nesciunt nesciunt eos.
88,87,185,3,Id veniam at alias quo numquam ipsam quasi.
89,25,143,4,Culpa sequi minima sit.
90,76,15,4,Odit eos cum.
91,89,163,5,Officiis ipsum velit accusamus veritatis praesentium temporibus est laborum.
92,46,254,2,Voluptas excepturi repellendus nostrum quo amet quaerat.
93,66,196,1,Dicta omnis quia repellendus.
94,41,88,2,Delectus ipsa vel provident.
95,43,288,5,Harum porro dignissimos voluptatem placeat mollitia nesciunt.
96,22,132,3,Totam quae iusto voluptatibus dolore quae.
97,48,103,1,Soluta quidem et id reiciendis quo delectus sunt.
98,99,18,3,Laudantium qui dicta ex at.
99,31,88,3,Pariatur aspernatur libero sapiente a natus doloremque culpa asperiores voluptatem.
100,47,270,5,Sunt nesciunt quam sint consectetur unde optio labore deserunt.
101,98,210,3,Sequi quasi ipsa architecto voluptas suscipit.
102,96,221,3,Dolorem debitis est vitae illo.
103,41,187,5,Quaerat reiciendis voluptate error iste sequi.
104,61,51,5,Enim voluptas quaerat.
105,71,100,3,Cupiditate ex aliquam odio accusamus.
106,66,24,1,Alias itaque nobis nesciunt ullam odit dolores aliquid placeat.
107,94,130,2,Quisquam hic nisi.
108,35,15,2,Dolores totam provident voluptate animi vero dolorum culpa error consectetur.
109,31,207,4,Optio enim dolorem reiciendis facilis sapiente nostrum minima magni explicabo.
110,60,133,3,Aspernatur commodi at.
111,78,162,4,Autem placeat inventore nam nostrum fuga quas reiciendis explicabo.
112,57,90,2,Exercitationem cumque voluptatibus molestias voluptates vero fuga quis exercitationem iusto.
113,90,198,4,Molestiae fuga eum dolorem eaque ipsa eos molestiae illum.
114,94,292,5,Aperiam repellendus mollitia hic eaque unde.
115,39,228,1,Suscipit ad sed quia similique delectus corrupti repellendus non accusantium.
116,43,134,1,Rem pariatur fugit magnam nemo doloremque sint excepturi.
117,70,275,4,Totam magni dolor ratione praesentium nesciunt labore expedita odit neque.
118,10,297,2,Facere velit laudantium reprehenderit nesciunt consequuntur sit alias laborum pariatur.
119,10,168,2,Saepe excepturi deserunt voluptatum officia eaque aut.
120,46,139,5,Molestias harum cumque ex quod assumenda perspiciatis ut.
121,37,132,4,Quae inventore velit facilis quibusdam nobis facere.
122,59,60,2,Ullam culpa numquam.
123,43,130,2,Vel excepturi cupiditate sed natus.
124,8,234,1,Ipsa eos sequi totam iste laudantium placeat accusamus distinctio soluta.
125,72,126,4,Fugit libero quia voluptas.
126,41,84,5,Deleniti nihil cupiditate.
127,1,236,1,Commodi adipisci ea eius sed doloremque natus doloremque reiciendis nam.
128,89,211,5,Modi ut ab enim sequi labore nulla ab praesentium possimus.
129,90,228,4,Fugiat quaerat tenetur ducimus ipsum perspiciatis accusantium.
130,48,70,1,Voluptatum aut commodi ipsum et numquam animi.
131,88,255,2,Magnam illum explicabo ipsam occaecati maxime fugiat inventore.
132,55,242,5,Placeat repudiandae aliquam occaecati in libero tempore ex vitae.
133,9,116,2,Dolor pariatur perspiciatis nam.
134,54,296,1,Beatae officiis quidem corporis.
135,94,208,5,Reiciendis incidunt animi voluptas aut similique quos amet.
136,56,21,2,Nisi possimus laboriosam nihil voluptatem animi debitis facilis.
137,100,105,5,Amet quidem aperiam esse nemo.
138,94,152,1,Vero ab ut odit aliquam.
139,97,86,5,Nisi esse vitae.
140,59,68,2,Nihil natus quaerat fuga quos suscipit quisquam quasi.
141,38,222,1,Error nemo iure occaecati debitis eum laborum reprehenderit.
142,51,247,1,Minus deserunt ad aliquam.
143,14,106,2,Autem porro doloribus unde aliquam officia modi laboriosam exercitationem molestiae.
144,56,143,1,Nihil voluptas ab natus adipisci pariatur architecto ea.
145,19,294,5,Quod deserunt est aperiam quisquam veritatis illum quidem doloribus rerum.
146,100,3,1,Eveniet quae aliquam unde beatae occaecati harum minima.
147,5,233,1,Est nam temporibus necessitatibus voluptatibus provident placeat neque commodi debitis.
148,61,293,1,Amet sit provident non temporibus ex optio laboriosam magnam.
149,1,169,2,Dicta labore aperiam quae dicta possimus libero saepe.
150,84,293,4,Magnam consectetur ad magnam fuga soluta molestias ipsum porro alias.
151,83,106,5,Minus atque recusandae.
152,23,210,4,Tempora aut doloribus molestias ad minima id sed explicabo nesciunt.
153,70,33,1,Asperiores eius quo minus omnis ducimus dicta perspiciatis hic rem.
154,26,59,3,A corporis quaerat esse hic quibusdam accusamus voluptatum praesentium consectetur.
155,57,206,1,Quaerat quisquam veritatis itaque eum eius ipsa.
156,5,126,5,Mollitia quo laborum assumenda.
157,80,77,4,Eaque vero atque sit aliquid quidem.
158,39,28,1,Labore aliquam aperiam blanditiis non excepturi cumque.
159,10,73,3,Alias suscipit illo totam.
160,75,61,2,Sed fugit rerum dolorum nam eveniet.
161,13,125,1,Nemo molestias nam.
162,98,36,1,Iste amet sit quidem dolorem voluptates.
163,87,44,1,Vitae facilis eius dicta quae aliquid laborum.
164,55,111,4,Eos animi velit doloremque.
165,49,132,4,Consequatur nulla voluptatum architecto voluptas.
166,23,141,4,Tempora labore nemo.
167,66,39,4,Voluptates debitis beatae vitae ipsum labore atque consectetur.
168,61,96,3,Laudantium provident quis quasi aperiam incidunt exercitationem.
169,25,86,2,Dolorem molestias alias velit laboriosam ipsa doloremque voluptates.
170,89,286,2,Ipsum nam voluptatibus nulla ducimus.
171,95,69,3,Accusantium cumque modi fugiat eveniet odio facere quae iste.
172,25,18,3,Earum exercitationem non ratione.
173,74,120,5,Maxime alias natus impedit culpa totam molestiae architecto.
174,70,155,3,Aspernatur suscipit neque nisi pariatur.
175,15,166,2,Totam beatae sit excepturi voluptatem voluptas fugit incidunt.
176,2,43,1,Excepturi aliquam eligendi illum.
177,72,131,1,Quis minus suscipit adipisci a nesciunt blanditiis explicabo neque.
178,17,90,1,Natus suscipit at officia.
179,64,88,2,Illum reprehenderit corrupti atque aperiam quibusdam natus ducimus.
180,40,129,5,Ut aut quos aliquid.
181,1,279,2,Architecto maiores praesentium hic animi accusantium vero nostrum cum.
182,63,214,4,Hic architecto similique animi.
183,78,126,2,Impedit quam beatae.
184,55,279,2,Repellat adipisci molestiae quam officia placeat reprehenderit recusandae asperiores repellendus.
185,3,157,4,Doloremque dignissimos qui ad.
186,59,239,2,Qui voluptate laborum quis aperiam dolor optio molestiae reprehenderit.
187,90,22,5,Possimus ullam voluptas ea.
188,63,258,3,Totam itaque velit reprehenderit ipsa sed reiciendis inventore odio harum.
189,3,1,4,Reprehenderit deserunt eveniet iste at.
190,86,163,1,Ullam nesciunt quis nemo cum culpa ut.
191,5,84,1,Repellendus deleniti tenetur voluptates atque sequi autem quas dolorem itaque.
192,51,72,1,Nesciunt inventore suscipit adipisci facilis consectetur consectetur accusantium numquam incidunt.
193,81,169,4,Perferendis necessitatibus corporis sequi molestiae excepturi.
194,14,42,4,Debitis praesentium optio necessitatibus quidem dolores inventore.
195,54,6,4,Odio quidem velit cupiditate deserunt et ad voluptatum perferendis ducimus.
196,13,103,2,Error accusamus facilis maxime nulla sed totam maiores earum.
197,10,101,2,Sed est excepturi perspiciatis eos ad qui ipsam ex neque.
198,15,82,4,Voluptatum recusandae corporis quidem.
199,78,63,2,Enim maxime pariatur numquam similique nostrum odio dolorem sed.
200,49,215,3,Modi voluptas minus ipsam error excepturi earum.
201,60,219,2,Esse quidem explicabo dolores deleniti.
202,95,33,4,Illo omnis laborum.
203,77,249,1,Saepe consectetur recusandae fuga dolor dicta consequuntur ad qui.
204,89,189,4,Rerum architecto accusamus.
205,88,127,3,Explicabo est eveniet.
206,87,221,2,Consequuntur quibusdam voluptates a.
207,51,210,5,Molestias deserunt rem deserunt numquam aliquid error corrupti.
208,11,95,3,Ducimus reprehenderit impedit veniam.
209,97,79,4,Incidunt excepturi ducimus.
210,6,96,2,Recusandae reprehenderit quae.
211,72,267,2,Quisquam commodi incidunt ad amet.
212,26,15,5,Occaecati laboriosam officiis laborum voluptatum quis autem sit.
213,37,299,3,At dolore necessitatibus expedita eveniet ad.
214,92,249,3,Mollitia facilis natus voluptatum natus.
215,83,41,4,Assumenda perferendis impedit pariatur aperiam quae unde voluptatum.
216,8,26,4,Soluta error alias provident nisi voluptatem tenetur tempora.
217,50,43,2,Quaerat culpa iste laudantium labore sunt quidem aliquam temporibus dolor.
218,34,230,5,Nisi vitae laborum quibusdam veniam perferendis omnis.
219,46,137,4,Quaerat consequuntur et nostrum libero necessitatibus numquam recusandae dicta.
220,13,163,1,Pariatur animi non voluptates dignissimos quidem error repudiandae sunt.
221,16,296,4,Odit quibusdam ea aperiam adipisci tempora sapiente.
222,49,125,3,Dolorem provident id est.
223,94,269,3,Officiis neque dolores blanditiis sunt maxime.
224,96,258,5,Voluptatem soluta sit sequi dolorum.
225,36,260,3,Magnam illum iusto quidem nulla maiores sit vel nulla earum.
226,36,56,3,Consequatur voluptas exercitationem cupiditate velit fugit.
227,63,15,3,Illo consequuntur reiciendis.
228,21,120,2,Sit aperiam quisquam illum quisquam molestias.
229,93,126,5,Sint sapiente nisi nobis voluptatibus laudantium nam.
230,58,293,3,Repudiandae deserunt dicta quidem voluptas eos vero.
231,85,109,5,Quae atque quisquam.
232,24,179,3,Reprehenderit dolorem sed vel.
233,49,237,2,Consequatur minima cupiditate id voluptates.
234,18,134,5,Perferendis consectetur reprehenderit.
235,94,36,1,Explicabo dolor maiores illo culpa architecto voluptatem.
236,80,100,3,Delectus maiores voluptatibus tempore.
237,29,5,4,Quaerat laborum sed.
238,30,181,5,At accusantium recusandae mollitia.
239,5,103,2,Deleniti atque illo.
240,11,117,1,Ex dignissimos veniam harum.
241,33,44,1,Velit in iusto occaecati veritatis corrupti consectetur nesciunt dicta est.
242,85,191,1,Earum repellendus ipsa nesciunt facilis explicabo rerum a aspernatur.
243,40,76,3,Qui nisi nobis eveniet.
244,80,203,5,Labore ut enim id similique nostrum.
245,8,58,1,Eos ratione laboriosam occaecati inventore dolores.
246,7,186,1,Magni repellat tempore.
247,27,44,4,Sequi magnam non minus rerum doloremque nobis.
248,82,15,1,Aliquid suscipit mollitia dolores enim veritatis iste.
249,61,98,3,Voluptatum voluptatem quibusdam amet commodi nostrum placeat eius.
250,78,109,2,Sunt dolorem facere.
251,60,271,2,Architecto iusto architecto impedit quod animi officiis.
252,69,195,2,Ex adipisci sequi voluptatum.
253,9,90,3,Aspernatur vero earum impedit.
254,20,77,4,Cupiditate incidunt excepturi veniam aut quisquam quaerat.
255,15,240,1,Perferendis maxime aspernatur ducimus similique provident.
256,86,242,5,Aliquam quasi iure placeat harum itaque numquam magnam adipisci.
257,91,78,5,Suscipit aliquid facilis fugit.
258,80,114,2,Corporis cum dolor et.
259,35,243,3,Corrupti possimus rerum similique accusantium.
260,71,276,3,Dicta fugit aperiam.
261,56,214,1,Ducimus repellat autem.
262,84,221,2,Natus asperiores id eum nemo quibusdam exercitationem magni.
263,46,229,5,Ea voluptatibus autem vel modi incidunt.
264,62,5,4,Perspiciatis libero amet quidem quam aut exercitationem explicabo neque.
265,29,52,5,Nihil id ipsum commodi libero.
266,60,81,2,Laudantium consectetur quia.
267,23,133,5,Quis eum eligendi.
268,12,195,4,Eligendi dolorum cupiditate voluptate unde beatae repellat expedita quis.
269,20,210,2,Consequatur distinctio reiciendis tempora dicta est impedit atque neque est.
270,73,12,3,Ut nulla assumenda debitis unde autem maxime provident.
271,73,68,4,Minima assumenda dolor nisi distinctio facilis vel.
272,41,73,1,Consectetur dolorem quibusdam asperiores.
273,52,78,4,Placeat suscipit occaecati adipisci fugiat animi a distinctio.
274,8,199,5,Eum ea laborum velit in quidem soluta sunt reprehenderit.
275,65,83,3,Et quod modi eum similique distinctio adipisci corporis accusantium laborum.
276,50,277,5,Praesentium quisquam dolorem quis aliquam laborum quaerat.
277,17,160,1,Beatae enim rerum nostrum voluptatem itaque sed officiis.
278,26,222,3,Ut dolore iste ipsa ipsam unde deleniti dolore illum alias.
279,51,30,5,Assumenda molestiae accusantium.
280,6,194,5,Nostrum rerum esse beatae placeat illum.
281,27,106,2,In ea iste provident praesentium officia nemo.
282,14,294,4,Voluptas possimus accusamus enim alias cupiditate voluptatum.
283,83,76,3,Explicabo ipsum aperiam magnam minima.
284,12,142,5,Reprehenderit sit suscipit neque culpa in.
285,27,267,3,Quia perspiciatis eveniet accusantium sint possimus.
286,12,97,3,Excepturi autem laborum.
287,13,47,5,Consequuntur similique iusto officiis aperiam voluptatum rem accusantium veritatis doloribus.
288,49,96,1,Qui incidunt suscipit hic repellendus.
289,70,58,4,Accusamus dolorem dolorum.
290,16,185,5,Iusto temporibus pariatur perspiciatis earum dolorum ab.
291,3,298,1,Facere tempore hic ad quo quas nemo molestiae necessitatibus.
292,28,63,5,Dolore ipsum quo quasi placeat similique nostrum.
293,16,246,4,Autem asperiores aperiam sint voluptate sed iusto odit facilis.
294,26,296,4,Eius maiores iste alias ipsum fugiat eius quibusdam quidem iusto.
295,25,97,1,Reprehenderit omnis quibusdam rem eos ipsam.
296,82,107,5,Quas deserunt molestias commodi quasi omnis.
297,94,5,5,Nesciunt maiores architecto dicta nihil.
298,33,53,4,Placeat eligendi dolorum magni perspiciatis.
299,98,241,2,Iusto dignissimos veniam quasi hic rem corporis.
300,61,250,5,Pariatur velit eum aliquam voluptatum consequatur suscipit exercitationem adipisci.
301,81,193,2,Quis doloremque tempore vero rem quas ut quam dolor libero.
302,15,197,1,Odio temporibus perspiciatis odio quidem assumenda harum molestias accusamus soluta.
303,78,4,5,Reiciendis tempore hic quos nam qui distinctio facere.
304,30,130,1,Itaque reiciendis nisi officiis.
305,75,278,1,In delectus hic excepturi veritatis quas.
306,11,141,2,Corporis tempora nulla iste velit eveniet sequi.
307,78,207,3,Officia vitae ipsa.
308,44,222,1,Quas quae optio quos unde at sint voluptate quas.
309,75,244,5,Quam deserunt illo occaecati sit alias dolorum autem maxime nam.
310,1,218,5,Voluptatum iusto ut error ratione beatae modi laboriosam.
311,11,246,4,Natus accusamus dignissimos deleniti quod rem voluptatem.
312,89,212,5,Aliquid molestiae fuga odit ut molestiae.
313,3,59,5,Nam ab earum cum ea consectetur.
314,4,245,4,Placeat tempore blanditiis maxime maiores et voluptas.
315,46,164,2,Sed deleniti tenetur in sapiente perspiciatis ducimus nam sunt animi.
316,2,287,2,Recusandae exercitationem vitae ex animi doloribus cumque sunt.
317,72,105,3,Dicta similique voluptatibus doloremque assumenda eveniet earum sint alias tenetur.
318,96,282,5,Et possimus corrupti.
319,61,109,3,Facere quidem facere et quisquam maxime similique suscipit accusantium.
320,56,20,4,Repellat quaerat minus maiores.
321,5,238,1,Minus corporis reiciendis explicabo officia perferendis.
322,8,296,2,Fugiat consequuntur illum optio ea fugit illum blanditiis.
323,22,278,5,Assumenda dolore libero officia mollitia alias.
324,50,41,4,Libero nulla nihil magnam fugiat minima.
325,34,138,5,Aspernatur impedit aperiam dicta ea beatae voluptatem tempora aliquam distinctio.
326,9,51,4,Expedita dolore vero laborum laboriosam hic adipisci neque.
327,99,33,4,Nulla eum atque incidunt.
328,78,295,3,Neque sint laudantium autem.
329,5,110,4,Expedita in sint voluptate distinctio nam iure.
330,92,68,3,Ab assumenda impedit.
331,65,300,3,Rem quo aperiam hic optio eos perferendis deleniti vel.
332,34,173,3,In neque architecto quos quos aspernatur libero.
333,78,243,3,Ullam cum delectus debitis dolorem harum eligendi illum nostrum aut.
334,98,218,1,Nisi laudantium qui.
335,77,235,5,Ipsum ut nihil accusamus quibusdam voluptatibus praesentium velit.
336,89,81,3,Perferendis numquam enim.
337,16,117,4,Dolorum perspiciatis facilis quae cupiditate.
338,46,300,1,Dicta eius optio voluptatum sit minus nulla distinctio quae.
339,50,158,3,Ratione eos sunt numquam molestias.
340,25,77,1,Tempore repellendus repudiandae suscipit consequuntur necessitatibus.
341,20,5,5,Voluptatem iste sint architecto dicta.
342,78,294,4,Magnam laboriosam error.
343,93,223,4,Hic quae tempora sit architecto sit aliquid.
344,24,243,2,Excepturi vel doloribus.
345,74,64,4,Nihil possimus modi perspiciatis fugit voluptatibus tenetur explicabo tempore perferendis.
346,7,246,2,Nobis doloribus pariatur voluptatum recusandae ab delectus.
347,60,271,2,Voluptate molestiae voluptas vel libero sunt omnis.
348,79,276,2,Illum earum eius dolorem facilis exercitationem voluptate.
349,51,30,2,Saepe ipsa magnam occaecati consectetur eum consectetur officiis rerum recusandae.
350,31,181,5,Nisi recusandae dolore soluta enim quidem aperiam aliquid.
351,83,282,1,Ipsa quos necessitatibus repellendus praesentium at voluptates quae eum natus.
352,90,272,4,Nostrum vero repellat accusantium labore dolorum odio.
353,68,284,5,Nulla eaque cum provident earum porro earum.
354,11,251,4,Sit ducimus nobis.
355,4,236,3,In eius sit dolorem.
356,2,152,2,Quod sed nemo recusandae totam dolore nobis ratione.
357,77,111,5,Nobis suscipit recusandae laudantium aspernatur odio sunt quidem aliquam ullam.
358,50,76,2,Cupiditate inventore dignissimos accusamus laborum praesentium.
359,10,16,5,Repudiandae dolores ut.
360,56,116,3,Pariatur laborum repellendus provident sequi illo cum ab sunt eum.
361,92,100,1,Illo eius dolorem accusantium eaque incidunt necessitatibus.
362,31,293,5,Quidem molestiae voluptates optio itaque.
363,56,9,2,Blanditiis quo perspiciatis exercitationem asperiores molestiae sed facilis.
364,44,298,4,Enim accusamus fugiat cum.
365,50,196,2,Dolore fugiat quam culpa eius vitae delectus assumenda.
366,3,186,1,Commodi nam placeat.
367,62,257,4,Temporibus porro ab.
368,71,221,1,Doloremque tenetur recusandae a.
369,9,168,3,Fugiat perferendis beatae ea doloremque sint nemo.
370,40,185,5,Voluptate veniam libero laboriosam recusandae cumque.
371,83,23,4,Id nam repellat eos sapiente quisquam.
372,19,61,4,Eius suscipit soluta est eveniet ipsam deleniti.
373,84,152,3,Accusantium dolorem possimus sit omnis.
374,98,125,4,Eligendi quo labore cum mollitia adipisci rerum quis.
375,1,119,3,Sint saepe voluptate.
376,51,33,4,Facilis dolores dignissimos.
377,53,18,2,Necessitatibus nihil saepe minima est quis ipsa aut.
378,72,245,5,Quo dolor laborum numquam vel enim illum nihil.
379,65,206,5,Architecto perferendis minus possimus.
380,37,27,4,Veritatis eligendi molestias.
381,39,93,2,Cum voluptates fuga voluptas inventore placeat officia dicta.
382,59,123,4,Eos libero alias animi incidunt ad dolorum pariatur quam adipisci.
383,1,243,4,At aspernatur facere voluptate repudiandae eveniet suscipit dolores inventore.
384,20,7,3,Iure illum reprehenderit.
385,89,270,3,Necessitatibus aliquam ab.
386,71,66,5,Eos expedita molestias doloremque delectus.
387,73,173,2,Rem nemo dignissimos cumque quibusdam blanditiis ipsum id explicabo.
388,83,267,2,Aperiam dicta rerum placeat.
389,84,53,3,Voluptates inventore dolor hic voluptate quae.
390,8,87,5,Dicta quasi eos sit modi voluptatem accusantium vero blanditiis.
391,76,56,3,Quisquam cupiditate alias sequi sapiente praesentium magni repudiandae ipsum.
392,9,250,4,Incidunt id est atque autem perferendis excepturi.
393,79,157,2,Optio beatae sint.
394,62,300,2,Nesciunt vel quia magnam.
395,85,89,2,Deleniti fugit facilis ullam ullam dolor impedit rerum facilis dicta.
396,62,121,1,Voluptates maxime libero nihil sed blanditiis at amet sed rerum.
397,34,187,1,Maxime minus nobis veritatis in.
398,13,137,4,Quisquam voluptatibus iste eius consequatur numquam ea consequatur placeat.
399,9,223,3,Modi est explicabo hic possimus.
